{
  "model": "LogisticRegression",
  "n_test": 3000,
  "uncalibrated": {
    "brier": 0.1168,
    "log_loss": 0.36875,
    "reliability": {
      "mean_predicted": [
        0.0381,
        0.1446,
        0.2508,
        0.3451,
        0.449,
        0.5491,
        0.6482,
        0.7549,
        0.8507,
        0.9632
      ],
      "fraction_positive": [
        0.0133,
        0.0554,
        0.102,
        0.1882,
        0.2335,
        0.343,
        0.4161,
        0.5926,
        0.6416,
        0.9067
      ]
    }
  },
  "calibrated": {
    "sigmoid": {
      "brier": 0.10037,
      "log_loss": 0.32005,
      "brier_improvement_pct": 14.06,
      "reliability": {
        "mean_predicted": [
          0.0331,
          0.1429,
          0.2491,
          0.3468,
          0.4509,
          0.546,
          0.6484,
          0.7516,
          0.8562,
          0.9567
        ],
        "fraction_positive": [
          0.0291,
          0.1385,
          0.2875,
          0.3516,
          0.5254,
          0.609,
          0.6075,
          0.7732,
          0.8627,
          0.9613
        ]
      }
    },
    "isotonic": {
      "brier": 0.10037,
      "log_loss": 0.3302,
      "brier_improvement_pct": 14.07,
      "reliability": {
        "mean_predicted": [
          0.0331,
          0.1431,
          0.2467,
          0.3623,
          0.4487,
          0.5548,
          0.6634,
          0.7513,
          0.8376,
          0.9569
        ],
        "fraction_positive": [
          0.0308,
          0.1522,
          0.2752,
          0.3582,
          0.593,
          0.5696,
          0.6582,
          0.7595,
          0.8272,
          0.9541
        ]
      },
      "operating_threshold": 0.375
    }
  },
  "recommended": "isotonic"
}
