{
  "selected_model": "Logistic Regression",
  "all_metrics": {
    "Logistic Regression": {
      "f1": 0.7204058624577226,
      "recall": 0.824516129032258,
      "precision": 0.6396396396396397,
      "roc_auc": 0.9109764407393983,
      "accuracy": 0.8346666666666667,
      "confusion_matrix": [
        [
          1865,
          360
        ],
        [
          136,
          639
        ]
      ]
    },
    "Random Forest": {
      "f1": 0.6848249027237354,
      "recall": 0.6812903225806451,
      "precision": 0.6883963494132985,
      "roc_auc": 0.8940340703153317,
      "accuracy": 0.838,
      "confusion_matrix": [
        [
          1986,
          239
        ],
        [
          247,
          528
        ]
      ]
    },
    "XGBoost": {
      "f1": 0.6888135593220339,
      "recall": 0.655483870967742,
      "precision": 0.7257142857142858,
      "roc_auc": 0.8974625588981515,
      "accuracy": 0.847,
      "confusion_matrix": [
        [
          2033,
          192
        ],
        [
          267,
          508
        ]
      ]
    },
    "LightGBM": {
      "f1": 0.6967830253251198,
      "recall": 0.6567741935483871,
      "precision": 0.7419825072886297,
      "roc_auc": 0.903942297934034,
      "accuracy": 0.8523333333333334,
      "confusion_matrix": [
        [
          2048,
          177
        ],
        [
          266,
          509
        ]
      ]
    }
  },
  "lr_metrics": {
    "f1": 0.7204058624577226,
    "recall": 0.824516129032258,
    "precision": 0.6396396396396397,
    "roc_auc": 0.9109764407393983,
    "accuracy": 0.8346666666666667,
    "confusion_matrix": [
      [
        1865,
        360
      ],
      [
        136,
        639
      ]
    ]
  },
  "rf_metrics": {
    "f1": 0.6848249027237354,
    "recall": 0.6812903225806451,
    "precision": 0.6883963494132985,
    "roc_auc": 0.8940340703153317,
    "accuracy": 0.838,
    "confusion_matrix": [
      [
        1986,
        239
      ],
      [
        247,
        528
      ]
    ]
  },
  "xgb_metrics": {
    "f1": 0.6888135593220339,
    "recall": 0.655483870967742,
    "precision": 0.7257142857142858,
    "roc_auc": 0.8974625588981515,
    "accuracy": 0.847,
    "confusion_matrix": [
      [
        2033,
        192
      ],
      [
        267,
        508
      ]
    ]
  },
  "lgbm_metrics": {
    "f1": 0.6967830253251198,
    "recall": 0.6567741935483871,
    "precision": 0.7419825072886297,
    "roc_auc": 0.903942297934034,
    "accuracy": 0.8523333333333334,
    "confusion_matrix": [
      [
        2048,
        177
      ],
      [
        266,
        509
      ]
    ]
  },
  "best_metrics": {
    "f1": 0.7240948813982522,
    "recall": 0.7483870967741936,
    "precision": 0.7013301088270859,
    "roc_auc": 0.9109764407393983,
    "accuracy": 0.8526666666666667,
    "confusion_matrix": [
      [
        1978,
        247
      ],
      [
        195,
        580
      ]
    ],
    "threshold": 0.6000000000000004
  },
  "train_size": 12000,
  "test_size": 3000,
  "dna_rate": 0.25826666666666664,
  "threshold": 0.6000000000000004,
  "models_trained": [
    "Logistic Regression",
    "Random Forest",
    "XGBoost",
    "LightGBM"
  ]
}